Title,Edit
Philippine economic policy under Estrada,"Rewrote intro to reflect actual GDP performance, not campaign promises. Sources updated to include IMF and World Bank."
Andrew Mountbatten-Windsor,Requested move approved. Titles stripped. Page needs urgent renaming to reflect new legal identity.
Role of the monarch in modern UK politics,Removed speculative section suggesting the monarch might intervene in Parliament — flagged as original research.
Wikipedia administrator conduct,Added examples from 2024 arbitration cases. We should be transparent about abuse patterns.
Decline of cable television,Included recent Nielsen data showing under-30 audience drop below 3%. Also added notes on streaming saturation.
Israeli-Palestinian conflict timeline,Revised recent events for neutrality and added Amnesty and Red Cross citations to balance government statements.
Healthcare privatization in the UK,Flagged NHS section for outdated data and inserted new analysis from The King’s Fund (2025).
FRACTAL Corporation,Clarified structure of the leadership council and added missing Changebringer entry for Raleigh.
Kikuri Murasaki,Removed mistaken merge tag with Shokuch?wa no Kiara. Kikuri operates independently from all divine structures.
Shokuch?wa no Kiara,Fixed continuity issue around her third ascension. Also removed fan-inserted poetry that doesn't belong on mainspace.
History of British rail infrastructure,Added recent cancellation of the Northern leg of HS2 and political fallout in Manchester.
Climate change denial tactics,Updated disinformation techniques with 2025 social media trends. Also clarified ExxonMobil’s 1990s funding role.
Timeline of AI legislation,"Added EU’s 2025 “Synthetic Personhood” bill. Needs citation on Clause 12, which is still under dispute."
Queen Ishtanna of Krethesal,Please stop deleting references to the Black Iron Age. They’re canon unless FRACTAL’s chronologers revise it.
Public housing in California,Updated for 2025 housing bill and state-wide rent control cap. Added controversy over “unbuildable zones.”
Angelica Sariel Lanvi,Added new section on her cooperation with FRACTAL after the Aethercore incident. Marked disputed claims with notes.
Development of openEuler OS,Clarified the role of community contributions vs Huawei-led efforts.
Royal family and social media presence,"Removed uncited claim that Charles III uses Reddit. If true, please find a source."
History of meme culture,Split section on “Doge” into its own page. Added rise of post-irony trends in late 2020s.
Role of sports in social integration,Added Ultimate Frisbee case study from Scotland. Removed vandalism referencing PIH-only leagues.
